date,elapsed_days,rent_cash,rent_investments,rent_home_value,rent_mortgage_principal,rent_accrued_mortgage_interest,rent_equity,rent_net_worth,rent_net_worth_after_selling_costs,rent_cumulative_income,rent_cumulative_housing_cash_outflows,rent_cumulative_housing_expenses,buy_cash,buy_investments,buy_home_value,buy_mortgage_principal,buy_accrued_mortgage_interest,buy_equity,buy_net_worth,buy_net_worth_after_selling_costs,buy_cumulative_income,buy_cumulative_housing_cash_outflows,buy_cumulative_housing_expenses,net_worth_difference,net_worth_after_selling_costs_difference
2026-01-31,0,15000.00,135000.00,0.00,0.00,0.00,0.00,150000.00,150000.00,0.00,0.00,0.00,15000.00,5000.00,600000.00,480000.00,0.00,120000.00,140000.00,104000.00,0.00,130000.00,10000.00,-10000.00,-46000.00
2026-02-28,28,15000.00,138577.60,0.00,0.00,0.00,0.00,153577.60,153577.60,6250.00,3300.00,3300.00,15000.00,7585.98,601362.06,479572.78,0.00,121789.28,144375.26,108293.54,6250.00,133709.22,13282.00,-9202.33,-45284.06
2026-03-31,59,15000.00,142240.35,0.00,0.00,0.00,0.00,157240.35,157240.35,12500.00,6600.00,6600.00,15000.00,10189.64,602873.66,479143.21,0.00,123730.45,148920.09,112747.67,12500.00,137418.45,16561.66,-8320.26,-44492.68
2026-04-30,89,15000.00,145897.64,0.00,0.00,0.00,0.00,160897.64,160897.64,18750.00,9900.00,9900.00,15000.00,12803.77,604340.12,478711.29,0.00,125628.83,153432.60,117172.19,18750.00,141127.67,19838.96,-7465.04,-43725.45
2026-05-31,120,15000.00,149596.70,0.00,0.00,0.00,0.00,164596.70,164596.70,25000.00,13200.00,13200.00,15000.00,15433.31,605859.20,478277.00,0.00,127582.21,158015.52,121663.97,25000.00,144836.90,23113.89,-6581.19,-42932.74
2026-06-30,150,15000.00,153289.31,0.00,0.00,0.00,0.00,168289.31,168289.31,31250.00,16500.00,16500.00,15000.00,18072.61,607332.92,477840.32,0.00,129492.60,162565.21,126125.23,31250.00,148546.12,26386.45,-5724.10,-42164.07
2026-07-31,181,15000.00,157025.05,0.00,0.00,0.00,0.00,172025.05,172025.05,37500.00,19800.00,19800.00,15000.00,20728.30,608859.53,477401.26,0.00,131458.27,167186.57,130655.00,37500.00,152255.35,29656.60,-4838.48,-41370.05
2026-08-31,212,15000.00,160779.32,0.00,0.00,0.00,0.00,175779.32,175779.32,43750.00,23100.00,23100.00,15000.00,23397.16,610389.97,476959.78,0.00,133430.19,171827.35,135203.95,43750.00,155964.57,32924.35,-3951.97,-40575.36
2026-09-30,242,15000.00,164525.61,0.00,0.00,0.00,0.00,179525.61,179525.61,50000.00,26400.00,26400.00,15000.00,26074.69,611874.71,476515.89,0.00,135358.83,176433.52,139721.04,50000.00,159673.79,36189.68,-3092.09,-39804.57
2026-10-31,273,15000.00,168317.09,0.00,0.00,0.00,0.00,183317.09,183317.09,56250.00,29700.00,29700.00,15000.00,28770.08,613412.74,476069.56,0.00,137343.18,181113.26,144308.49,56250.00,163383.02,39452.58,-2203.83,-39008.60
2026-11-30,303,15000.00,172099.57,0.00,0.00,0.00,0.00,187099.57,187099.57,62500.00,33000.00,33000.00,15000.00,31473.40,614904.83,475620.78,0.00,139284.05,185757.45,148863.16,62500.00,167092.24,42713.03,-1342.11,-38236.40
2026-12-31,334,15000.00,175928.62,0.00,0.00,0.00,0.00,190928.62,190928.62,68750.00,36300.00,36300.00,15000.00,34195.57,616450.47,475169.55,0.00,141280.93,190476.50,153489.47,68750.00,170801.47,45971.01,-452.12,-37439.15
2027-01-31,365,15000.00,179505.68,0.00,0.00,0.00,0.00,194505.68,194505.68,75125.00,39996.00,39996.00,11558.03,34365.22,618000.00,474715.84,0.00,143284.16,189207.41,152127.41,75125.00,180643.69,55359.53,-5298.27,-42378.27
2027-02-28,393,15000.00,183311.66,0.00,0.00,0.00,0.00,198311.66,198311.66,81500.00,43392.00,43392.00,14228.37,34519.18,619402.92,474259.64,0.00,145143.28,193890.83,156726.66,81500.00,184365.91,58625.55,-4420.83,-41585.00
2027-03-31,424,15000.00,187225.34,0.00,0.00,0.00,0.00,202225.34,202225.34,87875.00,46788.00,46788.00,15000.00,36595.53,620959.87,473800.94,0.00,147158.93,198754.46,161496.87,87875.00,188088.14,61889.08,-3470.88,-40728.47
2027-04-30,454,15000.00,191127.59,0.00,0.00,0.00,0.00,206127.59,206127.59,94250.00,50184.00,50184.00,15000.00,39448.42,622470.32,473339.72,0.00,149130.60,203579.02,166230.80,94250.00,191810.36,65150.08,-2548.57,-39896.79
2027-05-31,485,15000.00,195080.05,0.00,0.00,0.00,0.00,210080.05,210080.05,100625.00,53580.00,53580.00,15000.00,42322.16,624034.98,472875.98,0.00,151159.00,208481.16,171039.06,100625.00,195532.59,68408.56,-1598.89,-39040.99
2027-06-30,515,15000.00,199020.00,0.00,0.00,0.00,0.00,214020.00,214020.00,107000.00,56976.00,56976.00,15000.00,45202.54,625552.91,472409.69,0.00,153143.22,213345.76,175812.59,107000.00,199254.81,71664.50,-674.24,-38207.42
2027-07-31,546,15000.00,203011.62,0.00,0.00,0.00,0.00,218011.62,218011.62,113375.00,60372.00,60372.00,15000.00,48104.82,627125.31,471940.84,0.00,155184.47,218289.30,180661.78,113375.00,202977.04,74917.88,277.68,-37349.84
2027-08-31,577,15000.00,207023.04,0.00,0.00,0.00,0.00,222023.04,222023.04,119750.00,63768.00,63768.00,15000.00,51021.50,628701.67,471469.43,0.00,157232.25,223253.75,185531.65,119750.00,206699.26,78168.69,1230.71,-36491.39
2027-09-30,607,15000.00,211020.33,0.00,0.00,0.00,0.00,226020.33,226020.33,126125.00,67164.00,67164.00,15000.00,53943.65,630230.96,470995.43,0.00,159235.53,228179.18,190365.32,126125.00,210421.48,81416.91,2158.85,-35655.00
2027-10-31,638,15000.00,215071.48,0.00,0.00,0.00,0.00,230071.48,230071.48,132500.00,70560.00,70560.00,15000.00,56889.30,631815.12,470518.83,0.00,161296.29,233185.59,195276.69,132500.00,214143.71,84662.54,3114.12,-34794.79
2027-11-30,668,15000.00,219107.41,0.00,0.00,0.00,0.00,234107.41,234107.41,138875.00,73956.00,73956.00,15000.00,59839.62,633351.98,470039.62,0.00,163312.36,238151.98,200150.86,138875.00,217865.93,87905.55,4044.57,-33956.55
2027-12-31,699,15000.00,223198.68,0.00,0.00,0.00,0.00,238198.68,238198.68,145250.00,77352.00,77352.00,15000.00,62814.52,634943.99,469557.78,0.00,165386.21,243200.73,205104.09,145250.00,221588.16,91145.93,5002.05,-33094.59
2028-01-31,730,15000.00,227038.92,0.00,0.00,0.00,0.00,242038.92,242038.92,151752.50,81146.82,81146.82,11549.87,63126.15,636540.00,469073.29,0.00,167466.71,242142.72,203950.32,151752.50,231566.04,100639.33,103.80,-38088.60
2028-02-29,759,15000.00,231123.76,0.00,0.00,0.00,0.00,246123.76,246123.76,158255.00,84641.64,84641.64,14335.07,63419.07,638036.68,468586.15,0.00,169450.52,247204.66,208922.46,158255.00,235301.53,103887.68,1080.91,-37201.29
2028-03-31,790,15000.00,235303.32,0.00,0.00,0.00,0.00,250303.32,250303.32,164757.50,88136.46,88136.46,15000.00,65859.92,639640.46,468096.34,0.00,171544.12,252404.03,214025.61,164757.50,239037.01,107133.35,2100.71,-36277.71
2028-04-30,820,15000.00,239465.06,0.00,0.00,0.00,0.00,254465.06,254465.06,171260.00,91631.28,91631.28,15000.00,68967.54,641196.35,467603.85,0.00,173592.50,257560.04,219088.26,171260.00,242772.49,110376.34,3094.99,-35376.79
2028-05-31,851,15000.00,243686.00,0.00,0.00,0.00,0.00,258686.00,258686.00,177762.50,95126.10,95126.10,15000.00,72101.96,642808.08,467108.65,0.00,175699.43,262801.39,224232.91,177762.50,246507.98,113616.63,4115.39,-34453.10
2028-06-30,881,15000.00,247887.99,0.00,0.00,0.00,0.00,262887.99,262887.99,184265.00,98620.92,98620.92,15000.00,75239.55,644371.68,466610.74,0.00,177760.94,268000.49,229338.19,184265.00,250243.46,116854.20,5112.50,-33549.80
2028-07-31,912,15000.00,252150.72,0.00,0.00,0.00,0.00,267150.72,267150.72,190767.50,102115.74,102115.74,15000.00,78405.09,645991.39,466110.10,0.00,179881.29,273286.38,234526.90,190767.50,253978.95,120089.04,6135.66,-32623.82
2028-08-31,943,15000.00,256434.60,0.00,0.00,0.00,0.00,271434.60,271434.60,197270.00,105610.56,105610.56,15000.00,81586.33,647615.17,465606.71,0.00,182008.46,278594.79,239737.88,197270.00,257714.43,123321.14,7160.19,-31696.72
2028-09-30,973,15000.00,260697.78,0.00,0.00,0.00,0.00,275697.78,275697.78,203772.50,109105.38,109105.38,15000.00,84769.46,649190.46,465100.56,0.00,184089.89,283859.35,244907.92,203772.50,261449.92,126550.48,8161.56,-30789.86
2028-10-31,1004,15000.00,265024.07,0.00,0.00,0.00,0.00,280024.07,280024.07,210275.00,112600.20,112600.20,15000.00,87982.27,650822.28,464591.64,0.00,186230.64,289212.91,250163.58,210275.00,265185.40,129777.04,9188.84,-29860.49
2028-11-30,1034,15000.00,269328.49,0.00,0.00,0.00,0.00,284328.49,284328.49,216777.50,116095.02,116095.02,15000.00,91196.10,652405.37,464079.93,0.00,188325.44,294521.54,255377.22,216777.50,268920.88,133000.81,10193.05,-28951.27
2028-12-31,1065,15000.00,273697.59,0.00,0.00,0.00,0.00,288697.59,288697.59,223280.00,119589.84,119589.84,15000.00,94440.80,654045.27,463565.41,0.00,190479.86,299920.67,260677.95,223280.00,272656.37,136221.78,11223.07,-28019.64
2029-01-31,1096,15000.00,277816.70,0.00,0.00,0.00,0.00,292816.70,292816.70,229912.55,123486.38,123486.38,11541.54,94909.34,655689.30,463048.07,0.00,192641.23,299092.11,259750.75,229912.55,282772.63,145820.69,6275.41,-33065.95
2029-02-28,1124,15000.00,282120.11,0.00,0.00,0.00,0.00,297120.11,297120.11,236545.10,127082.93,127082.93,14442.63,95334.52,657177.78,462527.89,0.00,194649.89,304427.04,264996.37,236545.10,286521.63,149049.52,7306.93,-32123.74
2029-03-31,1155,15000.00,286581.00,0.00,0.00,0.00,0.00,301581.00,301581.00,243177.65,130679.47,130679.47,15000.00,98157.97,658829.68,462004.86,0.00,196824.82,309982.79,270453.01,243177.65,290270.64,152275.50,8401.78,-31128.00
2029-04-30,1185,15000.00,291017.24,0.00,0.00,0.00,0.00,306017.24,306017.24,249810.20,134276.01,134276.01,15000.00,101537.17,660432.24,461478.96,0.00,198953.28,315490.45,275864.52,249810.20,294019.65,155498.62,9473.22,-30152.72
2029-05-31,1216,15000.00,295522.27,0.00,0.00,0.00,0.00,310522.27,310522.27,256442.75,137872.56,137872.56,15000.00,104949.70,662092.32,460950.18,0.00,201142.14,321091.85,281366.31,256442.75,297768.66,158718.84,10569.58,-29155.96
2029-06-30,1246,15000.00,300001.43,0.00,0.00,0.00,0.00,315001.43,315001.43,263075.30,141469.10,141469.10,15000.00,108361.51,663702.83,460418.50,0.00,203284.32,326645.84,286823.67,263075.30,301517.67,161936.17,11644.41,-28177.76
2029-07-31,1277,15000.00,304551.03,0.00,0.00,0.00,0.00,319551.03,319551.03,269707.85,145065.64,145065.64,15000.00,111807.90,665371.13,459883.90,0.00,205487.22,332295.12,292372.85,269707.85,305266.68,165150.59,12744.09,-27178.18
2029-08-31,1308,15000.00,309123.20,0.00,0.00,0.00,0.00,324123.20,324123.20,276340.40,148662.19,148662.19,15000.00,115271.38,667043.62,459346.38,0.00,207697.25,337968.63,297946.01,276340.40,309015.69,168362.07,13845.42,-26177.19
2029-09-30,1338,15000.00,313667.65,0.00,0.00,0.00,0.00,328667.65,328667.65,282972.95,152258.73,152258.73,15000.00,118732.74,668666.17,458805.90,0.00,209860.27,343593.01,303473.04,282972.95,312764.70,171570.60,14925.35,-25194.62
2029-10-31,1369,15000.00,318285.06,0.00,0.00,0.00,0.00,333285.06,333285.06,289605.50,155855.27,155855.27,15000.00,122230.58,670346.95,458262.46,0.00,212084.48,349315.06,309094.25,289605.50,316513.71,174776.17,16030.01,-24190.81
2029-11-30,1399,15000.00,322873.49,0.00,0.00,0.00,0.00,337873.49,337873.49,296238.05,159451.82,159451.82,15000.00,125725.35,671977.53,457716.05,0.00,214261.48,354986.83,314668.18,296238.05,320262.72,177978.77,17113.34,-23205.31
2029-12-31,1430,15000.00,327536.57,0.00,0.00,0.00,0.00,342536.57,342536.57,302870.60,163048.36,163048.36,15000.00,129257.88,673666.63,457166.63,0.00,216500.00,360757.88,320337.88,302870.60,324011.73,181178.36,18221.31,-22198.69
2030-01-31,1461,15000.00,331950.71,0.00,0.00,0.00,0.00,346950.71,346950.71,309635.80,167049.62,167049.62,11533.05,129899.14,675359.98,456614.20,0.00,218745.77,360177.97,319656.37,309635.80,334269.13,190883.33,13227.26,-27294.34
2030-02-28,1489,15000.00,336524.58,0.00,0.00,0.00,0.00,351524.58,351524.58,316401.00,170750.87,170750.87,14552.98,130481.08,676893.11,456058.75,0.00,220834.36,365868.43,325254.84,316401.00,338031.93,194090.68,14343.84,-26269.74
2030-03-31,1520,15000.00,341283.32,0.00,0.00,0.00,0.00,356283.32,356283.32,323166.20,174452.13,174452.13,15000.00,133708.29,678594.57,455500.25,0.00,223094.32,371802.61,331086.94,323166.20,341794.74,197294.98,15519.29,-25196.38
2030-04-30,1550,15000.00,346010.10,0.00,0.00,0.00,0.00,361010.10,361010.10,329931.40,178153.39,178153.39,15000.00,137377.02,680245.21,454938.68,0.00,225306.53,377683.55,336868.83,329931.40,345557.54,200496.22,16673.44,-24141.27
2030-05-31,1581,15000.00,350815.90,0.00,0.00,0.00,0.00,365815.90,365815.90,336696.60,181854.64,181854.64,15000.00,141086.21,681955.09,454374.04,0.00,227581.06,383667.26,342749.96,336696.60,349320.35,203694.38,17851.37,-23065.94
2030-06-30,1611,15000.00,355588.44,0.00,0.00,0.00,0.00,370588.44,370588.44,343461.81,185555.90,185555.90,15000.00,144790.35,683613.91,453806.30,0.00,229807.61,389597.97,348581.13,343461.81,353083.15,206889.45,19009.52,-22007.31
2030-07-31,1642,15000.00,360441.76,0.00,0.00,0.00,0.00,375441.76,375441.76,350227.01,189257.15,189257.15,15000.00,148536.32,685332.26,453235.44,0.00,232096.82,395633.14,354513.20,350227.01,356845.96,210081.40,20191.38,-20928.56
2030-08-31,1673,15000.00,365319.15,0.00,0.00,0.00,0.00,380319.15,380319.15,356992.21,192958.41,192958.41,15000.00,152300.87,687054.93,452661.46,0.00,234393.47,401694.34,360471.05,356992.21,360608.76,213270.22,21375.19,-19848.10
2030-09-30,1703,15000.00,370161.32,0.00,0.00,0.00,0.00,385161.32,385161.32,363757.41,196659.67,196659.67,15000.00,156058.86,688726.15,452084.33,0.00,236641.82,407700.68,366377.11,363757.41,364371.57,216455.90,22539.36,-18784.21
2030-10-31,1734,15000.00,375086.94,0.00,0.00,0.00,0.00,390086.94,390086.94,370522.61,200360.92,200360.92,15000.00,159860.73,690457.36,451504.04,0.00,238953.32,413814.05,372386.61,370522.61,368134.37,219638.41,23727.11,-17700.33
2030-11-30,1764,15000.00,379976.00,0.00,0.00,0.00,0.00,394976.00,394976.00,377287.81,204062.18,204062.18,15000.00,163655.01,692136.85,450920.56,0.00,241216.30,419871.30,378343.09,377287.81,371897.18,222817.74,24895.30,-16632.91
2030-12-31,1795,15000.00,384950.30,0.00,0.00,0.00,0.00,399950.30,399950.30,384053.01,207763.43,207763.43,15000.00,167494.57,693876.63,450333.88,0.00,243542.75,426037.31,384404.71,384053.01,375659.98,225993.86,26087.01,-15545.59
2031-01-31,1826,15000.00,389676.80,0.00,0.00,0.00,0.00,404676.80,404676.80,390953.52,211872.48,211872.48,11524.39,168325.53,695620.78,449743.99,0.00,245876.79,425726.71,383989.46,390953.52,386061.34,235805.33,21049.91,-20687.34
2031-02-28,1854,15000.00,394536.80,0.00,0.00,0.00,0.00,409536.80,409536.80,397854.02,215681.53,215681.53,14665.54,169079.62,697199.90,449150.86,0.00,248049.04,431794.20,389962.21,397854.02,389838.22,238989.08,22257.40,-19574.59
2031-03-31,1885,15000.00,399610.85,0.00,0.00,0.00,0.00,414610.85,414610.85,404754.53,219490.57,219490.57,15000.00,172732.30,698952.40,448554.48,0.00,250397.92,438130.22,396193.08,404754.53,393615.10,242169.58,23519.37,-18417.77
2031-04-30,1915,15000.00,404645.16,0.00,0.00,0.00,0.00,419645.16,419645.16,411655.03,223299.62,223299.62,15000.00,176709.60,700652.57,447954.83,0.00,252697.74,444407.34,402368.18,411655.03,397391.98,245346.80,24762.17,-17276.98
2031-05-31,1946,15000.00,409769.37,0.00,0.00,0.00,0.00,424769.37,424769.37,418555.54,227108.67,227108.67,15000.00,180735.16,702413.75,447351.89,0.00,255061.86,450797.01,408652.19,418555.54,401168.85,248520.74,26027.64,-16117.18
2031-06-30,1976,15000.00,414852.45,0.00,0.00,0.00,0.00,429852.45,429852.45,425456.04,230917.71,230917.71,15000.00,184750.88,704122.33,446745.65,0.00,257376.68,457127.56,414880.22,425456.04,404945.73,251691.37,27275.11,-14972.23
2031-07-31,2007,15000.00,420027.29,0.00,0.00,0.00,0.00,435027.29,435027.29,432356.55,234726.76,234726.76,15000.00,188816.33,705892.23,446136.08,0.00,259756.15,463572.48,421218.95,432356.55,408722.61,254858.68,28545.19,-13808.35
2031-08-31,2038,15000.00,425227.81,0.00,0.00,0.00,0.00,440227.81,440227.81,439257.05,238535.81,238535.81,15000.00,192901.95,707666.58,445523.17,0.00,262143.41,470045.36,427585.37,439257.05,412499.48,258022.65,29817.55,-12642.44
2031-09-30,2068,15000.00,430385.10,0.00,0.00,0.00,0.00,445385.10,445385.10,446157.56,242344.85,242344.85,15000.00,196976.08,709387.94,444906.89,0.00,264481.05,476457.12,433893.85,446157.56,416276.36,261183.25,31072.02,-11491.25
2031-10-31,2099,15000.00,435637.00,0.00,0.00,0.00,0.00,450637.00,450637.00,453058.06,246153.90,246153.90,15000.00,201102.18,711171.08,444287.24,0.00,266883.83,482986.01,440315.75,453058.06,420053.24,264340.48,32349.01,-10321.26
2031-11-30,2129,15000.00,440844.26,0.00,0.00,0.00,0.00,455844.26,455844.26,459958.57,249962.94,249962.94,15000.00,205215.67,712900.96,443664.19,0.00,269236.77,489452.44,446678.38,459958.57,423830.11,267494.31,33608.18,-9165.88
2031-12-31,2160,15000.00,446148.06,0.00,0.00,0.00,0.00,461148.06,461148.06,466859.07,253771.99,253771.99,15000.00,209382.65,714692.93,443037.73,0.00,271655.20,496037.85,453156.28,466859.07,427606.99,270644.72,34889.80,-7991.78
2032-01-31,2191,15000.00,451205.22,0.00,0.00,0.00,0.00,466205.22,466205.22,473897.59,257992.00,257992.00,11515.56,210421.43,716489.40,442407.83,0.00,274081.57,496018.56,453029.20,473897.59,438155.19,280563.02,29813.35,-13176.02
2032-02-29,2220,15000.00,456441.08,0.00,0.00,0.00,0.00,471441.08,471441.08,480936.10,261912.00,261912.00,14780.98,211397.85,718174.06,441774.47,0.00,276399.59,502578.41,459487.97,480936.10,441946.42,283720.90,31137.33,-11953.11
2032-03-31,2251,15000.00,461849.30,0.00,0.00,0.00,0.00,476849.30,476849.30,487974.62,265832.01,265832.01,15000.00,215499.77,719979.28,441137.64,0.00,278841.63,509341.40,466142.65,487974.62,445737.65,286875.30,32492.10,-10706.66
2032-04-30,2281,15000.00,467209.45,0.00,0.00,0.00,0.00,482209.45,482209.45,495013.13,269752.01,269752.01,15000.00,219806.04,721730.59,440497.32,0.00,281233.26,516039.30,472735.47,495013.13,449528.88,290026.21,33829.85,-9473.98
2032-05-31,2312,15000.00,472671.10,0.00,0.00,0.00,0.00,487671.10,487671.10,502051.65,273672.02,273672.02,15000.00,224169.06,723544.75,439853.49,0.00,283691.26,522860.32,479447.63,502051.65,453320.11,293173.61,35189.22,-8223.47
2032-06-30,2342,15000.00,478083.20,0.00,0.00,0.00,0.00,493083.20,493083.20,509090.16,277592.02,277592.02,15000.00,228516.95,725304.73,439206.13,0.00,286098.60,529615.55,486097.27,509090.16,457111.34,296317.48,36532.35,-6985.93
2032-07-31,2373,15000.00,483598.79,0.00,0.00,0.00,0.00,498598.79,498598.79,516128.68,281512.03,281512.03,15000.00,232923.19,727127.88,438555.22,0.00,288572.66,536495.84,492868.17,516128.68,460902.57,299457.80,37897.05,-5730.62
2032-08-31,2404,15000.00,489141.75,0.00,0.00,0.00,0.00,504141.75,504141.75,523167.19,285432.04,285432.04,15000.00,237351.29,728955.61,437900.74,0.00,291054.86,543406.15,499668.81,523167.19,464693.80,302594.55,39264.40,-4472.94
2032-09-30,2434,15000.00,494632.92,0.00,0.00,0.00,0.00,509632.92,509632.92,530205.71,289352.04,289352.04,15000.00,241762.46,730728.75,437242.67,0.00,293486.08,550248.54,506404.81,530205.71,468485.03,305727.71,40615.62,-3228.11
2032-10-31,2465,15000.00,500230.62,0.00,0.00,0.00,0.00,515230.62,515230.62,537244.22,293272.05,293272.05,15000.00,246234.41,732565.53,436581.00,0.00,295984.53,557218.94,513265.01,537244.22,472276.26,308857.26,41988.32,-1965.61
2032-11-30,2495,15000.00,505775.03,0.00,0.00,0.00,0.00,520775.03,520775.03,544282.74,297192.05,297192.05,15000.00,250688.23,734347.46,435915.69,0.00,298431.76,564119.99,520059.15,544282.74,476067.49,311983.18,43344.97,-715.88
2032-12-31,2526,15000.00,511428.00,0.00,0.00,0.00,0.00,526428.00,526428.00,551321.25,301112.06,301112.06,15000.00,255204.46,736193.33,435246.74,0.00,300946.59,571151.05,526979.45,551321.25,479858.72,315105.46,44723.05,551.45
2033-01-31,2557,15000.00,516835.57,0.00,0.00,0.00,0.00,531835.57,531835.57,558500.54,305446.29,305446.29,11506.55,256470.57,738043.85,434574.12,0.00,303469.73,571446.85,527164.21,558500.54,490556.71,325130.82,39611.27,-4671.36
2033-02-28,2585,15000.00,522318.83,0.00,0.00,0.00,0.00,537318.83,537318.83,565679.82,309480.51,309480.51,14897.46,257619.54,739719.28,433897.81,0.00,305821.47,578338.47,533955.31,565679.82,494362.58,328260.38,41019.64,-3363.52
2033-03-31,2616,15000.00,528080.43,0.00,0.00,0.00,0.00,543080.43,543080.43,572859.11,313514.74,313514.74,15000.00,262193.58,741578.66,433217.79,0.00,308360.87,585554.44,541059.72,572859.11,498168.44,331386.24,42474.01,-2020.71
2033-04-30,2646,15000.00,533785.08,0.00,0.00,0.00,0.00,548785.08,548785.08,580038.40,317548.97,317548.97,15000.00,266850.14,743382.51,432534.04,0.00,310848.46,592698.60,548095.65,580038.40,501974.31,334508.36,43913.52,-689.43
2033-05-31,2677,15000.00,539603.57,0.00,0.00,0.00,0.00,554603.57,554603.57,587217.68,321583.20,321583.20,15000.00,271572.69,745251.09,431846.55,0.00,313404.54,599977.23,555262.16,587217.68,505780.18,337626.73,45373.66,658.59
2033-06-30,2707,15000.00,545363.54,0.00,0.00,0.00,0.00,560363.54,560363.54,594396.97,325617.42,325617.42,15000.00,276274.28,747063.87,431155.28,0.00,315908.59,607182.87,562359.04,594396.97,509586.05,340741.34,46819.33,1995.49
2033-07-31,2738,15000.00,551239.47,0.00,0.00,0.00,0.00,566239.47,566239.47,601576.25,329651.65,329651.65,15000.00,281043.58,748941.72,430460.23,0.00,318481.49,614525.06,569588.56,601576.25,513391.92,343852.15,48285.59,3349.09
2033-08-31,2769,15000.00,557144.55,0.00,0.00,0.00,0.00,572144.55,572144.55,608755.54,333685.88,333685.88,15000.00,285836.53,750824.28,429761.36,0.00,321062.92,621899.45,576849.99,608755.54,517197.79,346959.15,49754.90,4705.44
2033-09-30,2799,15000.00,562988.73,0.00,0.00,0.00,0.00,577988.73,577988.73,615934.82,337720.10,337720.10,15000.00,290606.60,752650.61,429058.66,0.00,323591.95,629198.56,584039.52,615934.82,521003.66,350062.32,51209.82,6050.79
2033-10-31,2830,15000.00,568952.10,0.00,0.00,0.00,0.00,583952.10,583952.10,623114.11,341754.33,341754.33,15000.00,295447.01,754542.50,428352.11,0.00,326190.39,636637.39,591364.85,623114.11,524809.53,353161.64,52685.29,7412.74
2033-11-30,2860,15000.00,574852.97,0.00,0.00,0.00,0.00,589852.97,589852.97,630293.39,345788.56,345788.56,15000.00,300263.21,756377.88,427641.68,0.00,328736.20,643999.41,598616.74,630293.39,528615.40,356257.08,54146.44,8763.77
2033-12-31,2891,15000.00,580875.20,0.00,0.00,0.00,0.00,595875.20,595875.20,637472.68,349822.79,349822.79,15000.00,305151.52,758279.13,426927.36,0.00,331351.77,651503.29,606006.55,637472.68,532421.27,359348.63,55628.10,10131.35
2034-01-31,2922,15000.00,586653.31,0.00,0.00,0.00,0.00,601653.31,601653.31,644795.55,354274.59,354274.59,11497.36,306665.42,760185.16,426209.12,0.00,333976.04,652138.82,606527.71,644795.55,543272.03,369481.15,50485.51,4874.40
2034-02-28,2950,15000.00,592475.35,0.00,0.00,0.00,0.00,607475.35,607475.35,652118.42,358426.40,358426.40,15000.00,308056.17,761910.86,425486.94,0.00,336423.92,659480.09,613765.44,652118.42,547092.84,372579.78,52004.73,6290.08
2034-03-31,2981,15000.00,598611.01,0.00,0.00,0.00,0.00,613611.01,613611.01,659441.29,362578.21,362578.21,15000.00,313111.80,763826.02,424760.80,0.00,339065.21,667177.01,621347.45,659441.29,550913.64,375674.44,53566.00,7736.44
2034-04-30,3011,15000.00,604680.27,0.00,0.00,0.00,0.00,619680.27,619680.27,666764.16,366730.02,366730.02,15000.00,318141.46,765683.98,424030.68,0.00,341653.30,674794.76,628853.72,666764.16,554734.44,378765.13,55114.49,9173.45
2034-05-31,3042,15000.00,610876.48,0.00,0.00,0.00,0.00,625876.48,625876.48,674087.03,370881.83,370881.83,15000.00,323247.12,767608.63,423296.56,0.00,344312.06,682559.18,636502.66,674087.03,558555.24,381851.81,56682.70,10626.18
2034-06-30,3072,15000.00,617004.62,0.00,0.00,0.00,0.00,632004.62,632004.62,681409.91,375033.63,375033.63,15000.00,328325.44,769475.79,422558.41,0.00,346917.38,690242.81,644074.27,681409.91,562376.05,384934.46,58238.19,12069.65
2034-07-31,3103,15000.00,623261.97,0.00,0.00,0.00,0.00,638261.97,638261.97,688732.78,379185.44,379185.44,15000.00,333481.62,771409.97,421816.22,0.00,349593.75,698075.37,651790.77,688732.78,566196.85,388013.07,59813.39,13528.80
2034-08-31,3134,15000.00,629550.37,0.00,0.00,0.00,0.00,644550.37,644550.37,696055.65,383337.25,383337.25,15000.00,338663.38,773349.00,421069.95,0.00,352279.05,705942.43,659541.49,696055.65,570017.65,391087.61,61392.06,14991.12
2034-09-30,3164,15000.00,635768.16,0.00,0.00,0.00,0.00,650768.16,650768.16,703378.52,387489.06,387489.06,15000.00,343815.71,775230.13,420319.60,0.00,354910.54,713726.25,667212.44,703378.52,573838.46,394158.05,62958.09,16444.28
2034-10-31,3195,15000.00,642118.60,0.00,0.00,0.00,0.00,657118.60,657118.60,710701.39,391640.87,391640.87,15000.00,349048.74,777178.77,419565.12,0.00,357613.65,721662.39,675031.67,710701.39,577659.26,397224.38,64543.79,17913.07
2034-11-30,3225,15000.00,648396.72,0.00,0.00,0.00,0.00,663396.72,663396.72,718024.26,395792.67,395792.67,15000.00,354250.93,779069.22,418806.52,0.00,360262.70,729513.63,682769.48,718024.26,581480.06,400286.58,66116.91,19372.75
2034-12-31,3256,15000.00,654809.82,0.00,0.00,0.00,0.00,669809.82,669809.82,725347.13,399944.48,399944.48,15000.00,359535.73,781027.51,418043.75,0.00,362983.76,737519.49,690657.84,725347.13,585300.86,403344.61,67709.67,20848.02
2035-01-31,3287,15000.00,660980.15,0.00,0.00,0.00,0.00,675980.15,675980.15,732816.46,404517.33,404517.33,11487.99,361319.44,782990.72,417276.80,0.00,365713.92,738521.35,691541.90,732816.46,596307.45,413584.25,62541.20,15561.76
2035-02-28,3315,15000.00,667160.59,0.00,0.00,0.00,0.00,682160.59,682160.59,740285.79,408790.18,408790.18,15000.00,363076.88,784768.18,416505.64,0.00,368262.54,746339.42,699253.33,740285.79,600143.49,416649.13,64178.83,17092.74
2035-03-31,3346,15000.00,673692.19,0.00,0.00,0.00,0.00,688692.19,688692.19,747755.12,413063.02,413063.02,15000.00,368536.69,786740.80,415730.25,0.00,371010.54,754547.24,707342.79,747755.12,603979.52,419709.78,65855.04,18650.60
2035-04-30,3376,15000.00,680147.31,0.00,0.00,0.00,0.00,695147.31,695147.31,755224.45,417335.87,417335.87,15000.00,373963.66,788654.50,414950.62,0.00,373703.88,762667.54,715348.27,755224.45,607815.56,422766.17,67520.23,20200.96
2035-05-31,3407,15000.00,686743.34,0.00,0.00,0.00,0.00,701743.34,701743.34,762693.78,421608.72,421608.72,15000.00,379477.49,790636.88,414166.71,0.00,376470.18,770947.66,723509.45,762693.78,611651.59,425818.30,69204.32,21766.11
2035-06-30,3437,15000.00,693261.11,0.00,0.00,0.00,0.00,708261.11,708261.11,770163.10,425881.57,425881.57,15000.00,384956.98,792560.06,413378.50,0.00,379181.57,779138.54,731584.94,770163.10,615487.63,428866.12,70877.43,23323.83
2035-07-31,3468,15000.00,699922.20,0.00,0.00,0.00,0.00,714922.20,714922.20,777632.43,430154.41,430154.41,15000.00,390525.34,794552.27,412585.96,0.00,381966.30,787491.64,739818.51,777632.43,619323.66,431909.62,72569.44,24896.30
2035-08-31,3499,15000.00,706616.34,0.00,0.00,0.00,0.00,721616.34,721616.34,785101.76,434427.26,434427.26,15000.00,396121.33,796549.47,411789.09,0.00,384760.39,795881.72,748088.75,785101.76,623159.69,434948.78,74265.38,26472.41
2035-09-30,3529,15000.00,713229.52,0.00,0.00,0.00,0.00,728229.52,728229.52,792571.09,438700.11,438700.11,15000.00,401680.73,798487.04,410987.84,0.00,387499.20,804179.92,756270.70,792571.09,626995.73,437983.57,75950.41,28041.18
2035-10-31,3560,15000.00,719989.67,0.00,0.00,0.00,0.00,734989.67,734989.67,800040.42,442972.96,442972.96,15000.00,407332.06,800494.14,410182.20,0.00,390311.94,812644.00,764614.35,800040.42,630831.76,441013.96,77654.32,29624.68
2035-11-30,3590,15000.00,726667.05,0.00,0.00,0.00,0.00,741667.05,741667.05,807509.75,447245.80,447245.80,15000.00,412945.27,802441.29,409372.14,0.00,393069.15,821014.43,772867.95,807509.75,634667.80,444039.94,79347.37,31200.90
2035-12-31,3621,15000.00,733493.87,0.00,0.00,0.00,0.00,748493.87,748493.87,814979.07,451518.65,451518.65,15000.00,418652.49,804458.33,408557.64,0.00,395900.69,829553.18,781285.68,814979.07,638503.83,447061.47,81059.31,32791.81
2036-01-31,3652,15000.00,740079.35,0.00,0.00,0.00,0.00,755079.35,755079.35,822597.79,456216.10,456216.10,11478.43,420729.48,806480.44,407738.67,0.00,398741.77,830949.68,782560.85,822597.79,649669.37,457408.04,75870.33,27481.50
2036-02-29,3681,15000.00,746758.44,0.00,0.00,0.00,0.00,761758.44,761758.44,830216.51,460613.55,460613.55,15000.00,422945.45,808376.69,406915.22,0.00,401461.48,839406.92,790904.32,830216.51,653520.94,460436.16,77648.48,29145.88
2036-03-31,3712,15000.00,753709.72,0.00,0.00,0.00,0.00,768709.72,768709.72,837835.22,465010.99,465010.99,15000.00,428836.13,810408.65,406087.24,0.00,404321.41,848157.53,799533.01,837835.22,657372.51,463459.75,79447.81,30823.29
2036-04-30,3742,15000.00,760573.77,0.00,0.00,0.00,0.00,775573.77,775573.77,845453.94,469408.44,469408.44,15000.00,434686.42,812379.92,405254.73,0.00,407125.19,856811.62,808068.82,845453.94,661224.08,466478.81,81237.85,32495.05
2036-05-31,3773,15000.00,767593.59,0.00,0.00,0.00,0.00,782593.59,782593.59,853072.65,473805.89,473805.89,15000.00,440635.36,814421.94,404417.65,0.00,410004.29,865639.65,816774.33,853072.65,665075.65,469493.30,83046.05,34180.74
2036-06-15,3788,15012.21,769433.88,0.00,0.00,0.00,0.00,784446.10,784446.10,853072.65,473805.89,473805.89,12.21,441691.77,815411.86,404417.65,1108.78,410994.21,851589.41,802664.70,853072.65,680075.65,484493.30,67143.32,18218.60
2036-06-30,3803,15000.00,774524.29,0.00,0.00,0.00,0.00,789524.29,789524.29,860691.37,478203.34,478203.34,3779.37,442750.72,816402.98,403575.99,0.00,412826.99,859357.08,810372.90,860691.37,683927.22,487503.21,69832.79,20848.61
2036-07-31,3834,15000.00,781613.32,0.00,0.00,0.00,0.00,796613.32,796613.32,868310.08,482600.78,482600.78,7552.87,444947.26,818455.11,402729.70,0.00,415725.41,868225.55,819118.24,868310.08,687778.79,490508.50,71612.22,22504.92
2036-08-31,3865,15000.00,788737.53,0.00,0.00,0.00,0.00,803737.53,803737.53,875928.80,486998.23,486998.23,11332.73,447154.71,820512.40,401878.78,0.00,418633.62,877121.06,827890.32,875928.80,691630.36,493509.14,73383.53,24152.79
2036-09-30,3895,15000.00,795769.73,0.00,0.00,0.00,0.00,810769.73,810769.73,883547.51,491395.68,491395.68,15000.00,449419.70,822508.25,401023.19,0.00,421485.06,885904.77,836554.27,883547.51,695481.93,496505.12,75135.03,25784.54
2036-10-31,3926,15000.00,802964.17,0.00,0.00,0.00,0.00,817964.17,817964.17,891166.23,495793.13,495793.13,15000.00,455441.73,824575.73,400162.91,0.00,424412.82,894854.55,845380.01,891166.23,699333.50,499496.42,76890.38,27415.84
2036-11-30,3956,15000.00,810064.67,0.00,0.00,0.00,0.00,825064.67,825064.67,898784.94,500190.57,500190.57,15000.00,461419.75,826581.47,399297.91,0.00,427283.55,903703.30,854108.42,898784.94,703185.08,502482.99,78638.64,29043.75
2036-12-31,3987,15000.00,817330.02,0.00,0.00,0.00,0.00,832330.02,832330.02,906403.66,504588.02,504588.02,15000.00,467501.31,828659.19,398428.17,0.00,430231.01,912732.32,863012.77,906403.66,707036.65,505464.82,80402.30,30682.75
2037-01-31,4018,15000.00,824355.53,0.00,0.00,0.00,0.00,839355.53,839355.53,914174.75,509413.73,509413.73,11468.68,469820.64,830742.13,397553.66,0.00,433188.46,914477.78,864633.25,914174.75,718364.31,515917.97,75122.25,25277.73
2037-02-28,4046,15000.00,831316.78,0.00,0.00,0.00,0.00,846316.78,846316.78,921945.84,513939.45,513939.45,15000.00,472315.20,832627.99,396674.36,0.00,435953.63,923268.83,873311.15,921945.84,722231.73,518906.08,76952.05,26994.37
2037-03-31,4077,15000.00,838711.68,0.00,0.00,0.00,0.00,853711.68,853711.68,929716.92,518465.16,518465.16,15000.00,478587.34,834720.91,395790.23,0.00,438930.68,932518.01,882434.76,929716.92,726099.14,521889.38,78806.34,28723.08
2037-04-30,4107,15000.00,846007.90,0.00,0.00,0.00,0.00,861007.90,861007.90,937488.01,522990.88,522990.88,15000.00,484813.00,836751.32,394901.26,0.00,441850.06,941663.07,891457.99,937488.01,729966.56,524867.82,80655.17,30450.09
2037-05-31,4138,15000.00,853475.68,0.00,0.00,0.00,0.00,868475.68,868475.68,945259.10,527516.59,527516.59,15000.00,491147.15,838854.60,394007.41,0.00,444847.19,950994.34,900663.06,945259.10,733833.98,527841.39,82518.66,32187.38
2037-06-30,4168,15000.00,860842.78,0.00,0.00,0.00,0.00,875842.78,875842.78,953030.19,532042.30,532042.30,15000.00,497433.11,840895.07,393108.66,0.00,447786.41,960219.52,909765.82,953030.19,737701.40,530810.05,84376.74,33923.03
2037-07-31,4199,15000.00,868384.16,0.00,0.00,0.00,0.00,883384.16,883384.16,960801.28,536568.02,536568.02,15000.00,503829.86,843008.77,392204.98,0.00,450803.79,969633.65,919053.12,960801.28,741568.81,533773.79,86249.49,35668.96
2037-08-31,4230,15000.00,875962.95,0.00,0.00,0.00,0.00,890962.95,890962.95,968572.37,541093.73,541093.73,15000.00,510258.35,845127.78,391296.35,0.00,453831.43,979089.78,928382.11,968572.37,745436.23,536732.58,88126.82,37419.16
2037-09-30,4260,15000.00,883438.01,0.00,0.00,0.00,0.00,898438.01,898438.01,976343.46,545619.45,545619.45,15000.00,516636.06,847183.50,390382.73,0.00,456800.77,988436.83,937605.82,976343.46,749303.65,539686.38,89998.82,39167.81
2037-10-31,4291,15000.00,891091.49,0.00,0.00,0.00,0.00,906091.49,906091.49,984114.55,550145.16,550145.16,15000.00,523128.08,849313.01,389464.10,0.00,459848.90,997976.98,947018.20,984114.55,753171.07,542635.17,91885.49,40926.71
2037-11-30,4321,15000.00,898639.17,0.00,0.00,0.00,0.00,913639.17,913639.17,991885.64,554670.87,554670.87,15000.00,529567.57,851378.91,388540.44,0.00,462838.47,1007406.04,956323.31,991885.64,757038.48,545578.93,93766.87,42684.14
2037-12-31,4352,15000.00,906368.06,0.00,0.00,0.00,0.00,921368.06,921368.06,999656.73,559196.59,559196.59,15000.00,536123.75,853518.96,387611.71,0.00,465907.25,1017030.99,965819.86,999656.73,760905.90,548517.62,95662.93,44451.79
2038-01-31,4383,15000.00,913858.68,0.00,0.00,0.00,0.00,928858.68,928858.68,1007583.24,564154.34,564154.34,11458.73,538783.53,855664.39,386677.89,0.00,468986.50,1019228.75,967888.89,1007583.24,772398.93,559076.83,90370.07,39030.21
2038-02-28,4411,15000.00,921244.28,0.00,0.00,0.00,0.00,936244.28,936244.28,1015509.75,568812.10,568812.10,15000.00,541716.33,857606.83,385738.95,0.00,471867.88,1028584.21,977127.80,1015509.75,776282.52,562021.47,92339.93,40883.52
2038-03-31,4442,15000.00,929108.70,0.00,0.00,0.00,0.00,944108.70,944108.70,1023436.26,573469.85,573469.85,15000.00,548472.03,859762.54,384794.86,0.00,474967.67,1038439.71,986853.95,1023436.26,780166.10,564960.96,94331.01,42745.25
2038-04-30,4472,15000.00,936862.27,0.00,0.00,0.00,0.00,951862.27,951862.27,1031362.77,578127.61,578127.61,15000.00,555172.45,861853.86,383845.60,0.00,478008.26,1048180.72,996469.48,1031362.77,784049.68,567895.28,96318.44,44607.21
2038-05-31,4503,15000.00,944804.18,0.00,0.00,0.00,0.00,959804.18,959804.18,1039289.29,582785.36,582785.36,15000.00,561994.92,864020.24,382891.13,0.00,481129.11,1058124.03,1006282.81,1039289.29,787933.26,570824.39,98319.85,46478.64
2038-06-30,4533,15000.00,952633.10,0.00,0.00,0.00,0.00,967633.10,967633.10,1047215.80,587443.12,587443.12,15000.00,568760.26,866121.92,381931.42,0.00,484190.50,1067950.75,1015983.44,1047215.80,791816.84,573748.26,100317.66,48350.34
2038-07-31,4564,15000.00,960653.24,0.00,0.00,0.00,0.00,975653.24,975653.24,1055142.31,592100.87,592100.87,15000.00,575650.13,868299.03,380966.46,0.00,487332.57,1077982.70,1025884.76,1055142.31,795700.42,576666.88,102329.46,50231.52
2038-08-31,4595,15000.00,968713.17,0.00,0.00,0.00,0.00,983713.17,983713.17,1063068.82,596758.63,596758.63,15000.00,582574.19,870481.61,379996.20,0.00,490485.41,1088059.60,1035830.70,1063068.82,799584.00,579580.20,104346.42,52117.53
2038-09-30,4625,15000.00,976656.88,0.00,0.00,0.00,0.00,991656.88,991656.88,1070995.33,601416.38,601416.38,15000.00,589438.32,872599.01,379020.62,0.00,493578.39,1098016.71,1045660.77,1070995.33,803467.59,582488.20,106359.83,54003.89
2038-10-31,4656,15000.00,984796.21,0.00,0.00,0.00,0.00,999796.21,999796.21,1078921.84,606074.14,606074.14,15000.00,596430.78,874792.40,378039.69,0.00,496752.70,1108183.49,1055695.94,1078921.84,807351.17,585390.86,108387.28,55899.73
2038-11-30,4686,15000.00,992817.12,0.00,0.00,0.00,0.00,1007817.12,1007817.12,1086848.35,610731.89,610731.89,15000.00,603361.44,876920.28,377053.38,0.00,499866.89,1118228.33,1065613.11,1086848.35,811234.75,588288.13,110411.21,57796.00
2038-12-31,4717,15000.00,1001036.62,0.00,0.00,0.00,0.00,1016036.62,1016036.62,1094774.86,615389.65,615389.65,15000.00,610422.97,879124.53,376061.67,0.00,503062.86,1128485.83,1075738.36,1094774.86,815118.33,591180.00,112449.21,59701.74
2039-01-31,4748,15000.00,1009019.50,0.00,0.00,0.00,0.00,1024019.50,1024019.50,1102859.91,620483.33,620483.33,11448.58,613451.36,881334.32,375064.52,0.00,506269.80,1131169.75,1078289.69,1102859.91,826780.04,601844.56,107150.24,54270.18
2039-02-28,4776,15000.00,1016854.02,0.00,0.00,0.00,0.00,1031854.02,1031854.02,1110944.95,625277.02,625277.02,15000.00,616850.55,883335.04,374061.90,0.00,509273.14,1141123.69,1088123.59,1110944.95,830680.11,604742.00,109269.67,56269.57
2039-03-31,4807,15000.00,1025215.38,0.00,0.00,0.00,0.00,1040215.38,1040215.38,1119029.99,630070.70,630070.70,15000.00,624121.05,885555.41,373053.78,0.00,512501.63,1151622.68,1098489.36,1119029.99,834580.17,607633.95,111407.31,58273.98
2039-04-30,4837,15000.00,1033452.93,0.00,0.00,0.00,0.00,1048452.93,1048452.93,1127115.03,634864.38,634864.38,15000.00,631326.68,887709.48,372040.13,0.00,515669.34,1161996.03,1108733.46,1127115.03,838480.24,610520.38,113543.09,60280.53
2039-05-31,4868,15000.00,1041896.64,0.00,0.00,0.00,0.00,1056896.64,1056896.64,1135200.07,639658.07,639658.07,15000.00,638669.00,889940.85,371020.93,0.00,518919.92,1172588.92,1119192.47,1135200.07,842380.31,613401.24,115692.28,62295.83
2039-06-30,4898,15000.00,1050214.27,0.00,0.00,0.00,0.00,1065214.27,1065214.27,1143285.11,644451.75,644451.75,15000.00,645944.47,892105.58,369996.14,0.00,522109.44,1183053.92,1129527.58,1143285.11,846280.38,616276.52,117839.64,64313.31
2039-07-31,4929,15000.00,1058741.13,0.00,0.00,0.00,0.00,1073741.13,1073741.13,1151370.15,649245.43,649245.43,15000.00,653359.31,894348.00,368965.72,0.00,525382.28,1193741.59,1140080.71,1151370.15,850180.45,619146.17,120000.45,66339.57
2039-08-31,4960,15000.00,1067310.30,0.00,0.00,0.00,0.00,1082310.30,1082310.30,1159455.20,654039.11,654039.11,15000.00,660810.94,896596.06,367929.66,0.00,528666.40,1204477.33,1150681.57,1159455.20,854080.52,622010.18,122167.03,68371.27
2039-09-30,4990,15000.00,1075749.94,0.00,0.00,0.00,0.00,1090749.94,1090749.94,1167540.24,658832.80,658832.80,15000.00,668192.71,898776.98,366887.92,0.00,531889.06,1215081.76,1161155.15,1167540.24,857980.59,624868.50,124331.83,70405.21
2039-10-31,5021,15000.00,1084403.48,0.00,0.00,0.00,0.00,1099403.48,1099403.48,1175625.28,663626.48,663626.48,15000.00,675717.92,901036.17,365840.46,0.00,535195.70,1225913.62,1171851.45,1175625.28,861880.65,627721.12,126510.14,72447.97
2039-11-30,5051,15000.00,1092925.18,0.00,0.00,0.00,0.00,1107925.18,1107925.18,1183710.32,668420.16,668420.16,15000.00,683171.25,903227.89,364787.26,0.00,538440.62,1236611.88,1182418.20,1183710.32,865780.72,630567.99,128686.69,74493.02
2039-12-31,5082,15000.00,1101663.94,0.00,0.00,0.00,0.00,1116663.94,1116663.94,1191795.36,673213.85,673213.85,15000.00,690770.78,905498.27,363728.29,0.00,541769.98,1247540.76,1193210.86,1191795.36,869680.79,633409.08,130876.82,76546.92
2040-01-31,5113,15000.00,1110167.82,0.00,0.00,0.00,0.00,1125167.82,1125167.82,1200042.10,678447.46,678447.46,11438.23,694197.78,907774.35,362663.51,0.00,545110.84,1250746.86,1196280.40,1200042.10,881514.55,644178.06,125579.04,71112.58
2040-02-29,5142,15000.00,1118656.10,0.00,0.00,0.00,0.00,1133656.10,1133656.10,1208288.85,683381.07,683381.07,15000.00,698205.18,909908.77,361592.89,0.00,548315.88,1261521.06,1206926.54,1208288.85,885431.44,647024.32,127864.97,73270.44
2040-03-31,5173,15000.00,1127544.28,0.00,0.00,0.00,0.00,1142544.28,1142544.28,1216535.59,688314.69,688314.69,15000.00,706024.18,912195.94,360516.40,0.00,551679.54,1272703.72,1217971.96,1216535.59,889348.32,649864.72,130159.45,75427.69
2040-04-30,5203,15000.00,1136294.85,0.00,0.00,0.00,0.00,1151294.85,1151294.85,1224782.33,693248.30,693248.30,15000.00,713767.89,914414.81,359434.01,0.00,554980.80,1283748.69,1228883.80,1224782.33,893265.21,652699.21,132453.83,77588.95
2040-05-31,5234,15000.00,1145270.54,0.00,0.00,0.00,0.00,1160270.54,1160270.54,1233029.07,698181.91,698181.91,15000.00,721664.09,916713.31,358345.68,0.00,558367.63,1295031.72,1240028.92,1233029.07,897182.09,655527.77,134761.18,79758.38
2040-06-30,5264,15000.00,1154106.22,0.00,0.00,0.00,0.00,1169106.22,1169106.22,1241275.82,703115.52,703115.52,15000.00,729482.88,918943.16,357251.38,0.00,561691.78,1306174.66,1251038.07,1241275.82,901098.98,658350.36,137068.44,81931.85
2040-07-31,5295,15000.00,1163170.27,0.00,0.00,0.00,0.00,1178170.27,1178170.27,1249522.56,708049.14,708049.14,15000.00,737457.05,921253.04,356151.09,0.00,565101.95,1317559.00,1262283.82,1249522.56,905015.86,661166.95,139388.73,84113.55
2040-08-31,5326,15000.00,1172279.29,0.00,0.00,0.00,0.00,1187279.29,1187279.29,1257769.30,712982.75,712982.75,15000.00,745470.78,923568.73,355044.76,0.00,568523.97,1328994.75,1273580.62,1257769.30,908932.75,663977.51,141715.46,86301.33
2040-09-30,5356,15000.00,1181244.63,0.00,0.00,0.00,0.00,1196244.63,1196244.63,1266016.04,717916.36,717916.36,15000.00,753403.86,925815.26,353932.36,0.00,571882.89,1340286.75,1284737.84,1266016.04,912849.63,666782.00,144042.12,88493.21
2040-10-31,5387,15000.00,1190443.32,0.00,0.00,0.00,0.00,1205443.32,1205443.32,1274262.78,722849.98,722849.98,15000.00,761496.70,928142.41,352813.87,0.00,575328.54,1351825.24,1296136.70,1274262.78,916766.52,669580.39,146381.93,90693.38
2040-11-30,5417,15000.00,1199495.86,0.00,0.00,0.00,0.00,1214495.86,1214495.86,1282509.53,727783.59,727783.59,15000.00,769506.72,930400.07,351689.24,0.00,578710.83,1363217.55,1307393.54,1282509.53,920683.40,672372.64,148721.69,92897.68
2040-12-31,5448,15000.00,1208785.09,0.00,0.00,0.00,0.00,1223785.09,1223785.09,1290756.27,732717.20,732717.20,15000.00,777679.45,932738.75,350558.45,0.00,582180.30,1374859.75,1318895.42,1290756.27,924600.29,675158.73,151074.65,95110.33
2041-01-31,5479,15000.00,1217841.30,0.00,0.00,0.00,0.00,1232841.30,1232841.30,1299167.95,738094.86,738094.86,11427.68,781537.62,935083.30,349421.45,0.00,585661.85,1378627.15,1322522.15,1299167.95,936609.54,686030.99,145785.85,89680.85
